PetID,AdoptionSpeed
720db9cb3,2
6198e214e,2
d5f80598c,2
91e8e97b1,2
092e6a628,1
d89ce4c76,2
a483f0d49,2
134b82d89,2
3086dc257,2
574e7393b,3
5eacd0a22,3
8aa432e1d,1
ed5261f14,2
3ba7056bb,2
d52f229d1,2
00553ae55,1
a7560614d,2
fe1edf930,2
9252b5dc8,3
ad9d334b5,2
7d7e57f81,3
027c23f6b,2
338dddea9,1
26c1fc882,2
fc9b4b692,2
b488dc067,3
9761c645f,2
9ee623346,1
24ee3b57d,2
7f9f1a2d0,2
94dac1ddf,2
1ea9285ea,2
2836c44dc,2
5ea1f2c39,3
2edfe6ec8,2
2e4eb9198,2
c960b413e,2
a54202bba,2
63c794465,3
917ca93b3,2
6842b7ff9,2
e1c66420e,2
2786b8c37,2
fe15cb88c,2
4cdf29720,2
6a633ab6c,1
a77b63ee1,2
b78f3080b,2
f071f1cb7,2
1faffda03,2
1bc0f89d8,2
2562fec96,3
f1c03b3d0,3
f7675eb96,2
6ff2ae40f,2
523aeba08,1
f102632f6,2
f9f914ed3,1
23baf0395,1
c1e816568,2
5601bd45c,2
c54b26d73,2
a01a10c4b,2
bd881326e,3
c66f97de2,2
30dbb2e50,2
0850d4334,3
e6989638e,2
f2ff942f1,2
03db2966b,2
002230dea,1
eea15297e,2
e99eda1f6,2
f3778f601,2
52e555a3a,1
40fa64194,1
d3b017517,2
cef410e81,1
2ff9e9534,2
a9fb31e59,2
b1d936001,2
56f62a309,3
5e7b512bb,2
bca8b44ae,2
6c324e80a,2
1caa6fcdb,2
03cdd9324,2
95696f11b,1
2b31f1be3,2
6be26ea05,2
eb3d2466f,2
f304e7fb3,2
e09995135,2
92c2878db,2
638a1f488,2
b810732ac,2
3ef52fe8b,2
605d07d33,2
21a1b528f,2
84b36d951,2
f22ff0f64,2
abc69ab7f,2
bbbeb3ab0,1
e8d0eedf7,3
470fba174,1
e9b1363e5,3
f892c5908,2
d9a2f1a7e,1
ebe1f2665,3
68e46ed0e,2
3d2745318,1
27b708edc,3
1ff11cef6,2
6029e0ed0,2
14357e2ed,2
43bae1c6d,3
aa328a5ba,2
411bb17a0,1
eda2151fa,2
d45776f61,2
d5262ce2b,2
3750b5365,1
a4edd47eb,2
bd006f963,3
1d79d37b3,2
323f562e0,2
24573b56d,2
1f33216f7,2
e67f7787d,2
8da7afcd4,2
eeb60466e,2
81573a25f,2
cadcd5ad8,1
5548fa6f4,1
a6f768f75,2
94d5ded81,3
15538a661,2
53b442005,2
f96ccddd5,2
d7f1381ba,2
021c24928,2
16504b328,2
b28bc9e65,2
7f3781bec,3
d01e08ee2,2
92ee0c92b,1
838b5c426,3
97c13bdf2,2
e4277c6de,2
751412a89,2
7a12a494f,2
191fb0046,2
a6af385f0,2
bb32a589b,3
27104e464,3
3f10302c7,1
664a120bf,2
42a28c241,2
1a3da2ae5,2
ee9ba4990,2
5ee34f0d2,3
ea39ef3ae,3
ee370b5cf,1
1ee56e81a,3
0c862b8a3,3
c72bd65dc,1
52e6abd35,2
0658597c9,2
1afdc26fa,2
ac71e856b,2
fffd9b5a8,2
e995db95f,2
998de7b77,2
4c2f127c7,2
85594fcaf,3
1bff3e46f,2
6aee1d8da,2
235572f38,2
215345b52,2
30506e8c1,2
4982cc983,2
f0ebfa37d,2
50d2b5839,2
ad56c5705,2
9ea8e240f,3
d596234fc,1
bf190a061,2
4b261a0ee,2
1cc66d907,2
5f7343089,2
b41fd3816,1
1f2573b47,2
86dec16a3,1
e4f117930,2
70112a1b9,2
2ad3a6503,2
e97e1afc1,2
056768390,3
043d8c534,3
7ba58565e,1
5eaee2353,2
451d17b57,3
a8df693c0,2
353c89ed3,2
aee21db9b,2
53c344d06,2
e681e0cbf,2
aa7395687,2
76c194060,2
87f9ef7a5,1
be59708a0,2
da840f8d4,2
f41a7de83,2
4c6fe4100,2
a22c43e29,2
a24a102b1,2
e9dec895b,2
351d1e748,2
7ad21fd0b,2
f489059e0,2
993113176,2
a426ef14d,2
1dfcfe139,2
2e3bfe5a9,2
7bce76c66,1
28c3c4264,2
d23a71937,2
06ecc204f,1
694b994c8,2
d3a92c453,2
5afa2e561,3
12e711074,2
f6725c11b,2
0178fe2f7,2
ddfea1140,2
5546a54ef,2
901ff85c1,2
43ff07bab,3
99af63c63,2
4ce620a7a,2
48cd2ebaa,2
727567154,2
916165c1b,1
53ef098c0,2
ec7952240,2
18810b958,3
f2ac99dfe,2
46feadc45,2
0b4bb9906,1
5457a593a,3
7a5b854f0,2
f5e706014,2
81670cf7e,2
2b1638a20,3
1e8b70d35,1
121abd2ba,2
da80c8aa2,3
3fd545213,1
000fb9572,2
8ab904da2,2
42ea2e045,3
ba433a9d3,2
f03b04b1e,2
96462a567,2
e89692f96,2
baf95d8dd,2
6efbd2584,3
95af010cb,2
36ed4f417,2
5c9d75ab9,2
183160bf0,2
99558286a,2
afaadb62f,2
fc52c0c82,1
38fb7c50c,1
c723171ff,1
aa156faf0,2
9868e4015,1
8e3e0ffde,2
9daaa4e8f,2
afa07a0d6,2
ec7775c4f,1
696b615fb,2
7687b7da2,3
9e4420002,2
cd870fb18,2
0c281122e,2
61fa73996,2
b7359384d,2
6f2b619bb,1
7cd4ec150,2
c82705cf4,2
508df8433,2
e27cb9ac7,1
b8acbc614,2
5a12ecdfc,2
67e41958c,2
eb77ec282,2
1f4ebd382,2
1cd363542,2
06f523361,2
a2fecc9a4,2
51d8da535,2
31893804f,2
7998c5869,2
5f2edae7c,1
620796ee7,2
f1953d1cd,1
6a3607d09,2
818faec45,3
d5df16a32,2
c7338db23,2
5b26ccfdf,2
021cb10fb,2
7e87938c3,2
474e70ba1,2
d3dd7e6a7,2
33ed78569,2
23c8c5957,1
660dd8ded,2
4e37bb1e2,2
bfdde77ff,2
931a50b80,2
9945962c3,2
351d29156,2
7a7835503,2
672e80119,2
dc2ae1787,2
27b5a9db5,2
1aa3952c1,2
e80b8d2d9,2
9a21528ec,2
d270b074e,2
2ad939a78,2
bbd0c8f36,2
cba2fb07e,3
e994888f3,1
c7a324d3d,2
887b5144a,2
8d50d37f8,2
2f595e715,1
ac1a70774,2
790a68c0c,2
f6e45accc,2
8939a1ac8,2
4989496c6,2
ffb315803,2
cbbf3acfc,2
f7fc28014,2
54224dada,3
467aed7e3,2
7519b8b43,2
79d1b0215,2
94019dc75,2
428fd4ef7,2
0ab4214b4,2
aef2fa931,2
1bec8eb5e,2
7c559dedd,3
c61869b9b,3
b4d7cbe8b,3
2430b50b4,3
3f1b7bea6,2
b89a89c58,2
ea303d329,2
822193428,2
75ee37fa5,2
18556365a,2
f5f1ea56c,1
370d17232,2
e3d10f7cc,1
a645311ed,3
572e98234,2
ae6db87d4,1
e22b9edd0,3
abf02f04c,3
dea01911c,2
a9085cdde,3
c7eac7b01,2
9ad6f6fae,2
d0d9596e3,2
eb8adeef1,3
bb19c3013,3
640a267a9,3
34cedf9bb,2
3bf6cdab0,2
c93e86f5d,2
532cac389,2
0052dcf47,2
3821d75e9,2
df8ad80b3,2
279ca5034,3
7cc040670,2
9af15c8f1,3
409d5bc3d,2
29170247f,3
e78a33d4a,2
0af142ee3,3
8a01ffaa7,2
824db46ba,3
d4e96e3ce,3
5376c81df,2
6c17339fe,3
8d7eff0cc,2
5cc86be4e,2
dfedc8f77,2
ebef2903c,1
fe854f6a1,2
1d6149d17,3
8ced67d36,3
1ff9cda01,2
88819fc55,2
89c28aad0,2
9b251f717,3
01c7411ef,2
ec0ef9572,1
29778124f,3
e56dc823a,2
fe18635ce,2
d0b98e001,2
b054e635f,2
bbd898405,2
f99231609,2
8ff0818d5,1
7ba2a5c50,2
f8a2993e7,1
f68c70fe1,2
b16b24c21,2
92f84c5b7,2
fb0180584,2
be5fb246e,2
13c4c2d4c,2
79186dded,2
8111f6d4a,2
2b38b60d2,3
17c5ded7d,2
94aec9453,3
a56c46193,3
d22eb6266,3
22f6c0ac6,1
f0bfe80e3,2
dfcbce94d,2
fd9489e42,2
418a25e6b,2
d1052eb2d,2
c74b069ef,3
8cd149470,1
01ecd8b66,1
d2fa7a847,2
09a024035,2
4bd8b2b8d,2
884c82597,2
c7b468b32,3
d6d6d4aca,2
412d6c47d,2
00eced1f0,2
2f6cde44b,2
de0f0272c,1
f3207cde7,2
ca21c4266,2
be36182ea,2
65266fe36,3
14ae60869,2
9e6abcf6c,2
0d4e58071,2
f0f9efd52,2
d042e55ce,2
f7473aaec,3
0a4203544,2
3ee05e0d5,3
a6396a580,2
ebb34fea1,2
078a26f06,2
29f54c6ff,2
345b95213,1
75f3f26cd,3
e3acd4da3,2
24e0380f1,1
2105b697d,3
426bb5e4c,2
9a8cbb0c8,3
20f870155,2
dd654a9e7,2
ef73ab8c6,3
5027f31e5,3
0acd95320,3
2cf9de0a6,2
e01e4a2fb,2
a4530b1d0,2
9e058e06f,2
af1b915b3,2
de8b7400d,2
8d83c952c,2
f5d79ff56,2
618430208,1
5bd725e47,3
57dcbe4c9,3
bcd23d8c3,2
488a81168,2
8520800b1,2
c03fe7452,2
755abaa79,2
570fb2f6c,2
ff127e4d3,2
e103f7612,1
627726d36,2
0c6c71a55,2
27a8bdbf8,2
ddbb99929,2
3c9dc7370,2
350208e1a,2
f9db446f8,2
86629a3ee,3
b98610e10,2
907f77c78,3
fb82bfecd,1
f2117b204,2
839d4d8cb,1
b6492d3b1,2
fcf5f5a0d,2
b607db8c0,2
63647ce22,3
13264f4f4,2
6134ae21d,2
ce3a876b1,2
fffa39a6a,3
7d1030b42,2
668177e57,2
58bfbd845,3
a4faccedb,2
a6e7b6870,3
d56553e2d,2
1c40fd781,2
248eca1fa,2
9daa740bb,2
532ccd0c5,2
43b277272,1
b8daff578,2
1ac7dad15,3
e241fc7da,2
a5a7de784,3
a63c59c80,2
c15d26817,2
27ef6e605,2
7cbad35f9,2
703105908,2
0cbe33a44,2
5bda8f113,2
1eb9e42bd,3
81015c1aa,2
5e951b28f,3
8f34b67ca,2
894da0f10,2
ab4a00203,2
212157776,2
b748dc1da,2
6a54a03db,2
5d3289417,2
355048bb7,2
076d6f830,1
cd5a7effb,2
9c7476c25,2
439aafc10,2
3fed382c0,2
36bb93372,2
a338df612,2
f90722a00,2
396910627,2
6c9e1c82f,2
68936da8c,3
0deeed2d9,2
8132fabfd,2
d1dd377ae,2
d5c4ef4c0,2
74517d04f,2
f557e9262,3
a9be5c4ab,2
b188b50cd,3
cea713af9,2
96ad633d6,2
012a1a396,2
c7f20f68c,2
eaf87e39e,2
bee25f46d,2
943e9242f,1
e301ab49c,2
8aa74d2d2,2
aac1167f3,1
c2e22f843,2
0b3deeb66,1
7d0fcdd6d,2
c0d50b9f1,2
56ddc4f47,2
8c75e5189,2
25eec77c6,2
7c9e28902,2
06904db12,2
682b7b7d0,2
6f3f2899c,2
4b7262ad7,3
9ab8dddba,2
9dd1cdd52,2
a8cfb849e,2
249540f2d,2
c32ecd5bf,2
f6551137d,2
7667378df,2
18b2da498,3
bb051be7c,3
414d8422f,2
61e477c0a,2
110682438,2
8f6b92b4d,3
dd0d78496,3
2239dee36,1
4b0662306,3
e4460cb03,2
31eb7b312,2
9180e09cb,2
cdb4a7a7d,3
807ba246d,2
9beedceb9,2
cdcd32165,1
68eacf03e,2
e6c917eb2,1
01dc16c21,2
767b3b7d0,3
7a1609dd4,2
4e4ceb08b,2
b37d04bd6,2
d14d62508,2
6627a8ab8,2
9197674f9,2
71f93d157,2
020fbbc9d,1
32eb3673a,2
cc0a49f6f,2
3cb155233,2
e9df3ead7,2
2fe1eb7b8,3
d60dbdd7a,2
7b5012939,2
bf9bd91e1,3
b3cf90bd1,2
10554e146,2
a09008d49,3
2b3fc0265,2
c0270a5f1,2
2b8832432,2
d1a9104a1,2
81e692e30,2
e40073625,2
27867018b,2
9e758c0b0,1
aba758b7f,1
27e649547,3
b62619afd,2
bbf029a0a,2
1a56bb056,2
29e6c171d,2
c3a2d4d83,2
41c83dda8,2
86bf33207,2
7e3c6f81d,2
5ee1c77a0,2
ee10dbace,3
451d64f26,2
59f4e3255,2
91c023cb7,2
446748891,1
f5c803412,2
ab48d21e0,3
f66e4eecf,2
f680cd37a,2
36a5b3b3e,2
35225eb67,2
8ac1e8eb6,2
a1019e087,2
03a3fb084,2
c5f1eb8b6,2
e861279c2,2
263598073,2
c71d630d8,2
7e250a5f1,2
35a62a8b1,2
f5170bc70,2
4ce0b81f5,2
13fcf57ff,2
061f6b476,2
df9a4b31f,2
ae30d5690,2
ea7ef6aee,2
1c92ce464,2
8a38740d1,1
4a4d8cadb,3
e3a29829f,2
615213076,2
99ba6513a,3
e8ec1a562,1
17fb33fc8,2
b0a24f910,2
1afdf61ec,2
1a1283447,2
fa87afa7d,2
0d4e81870,1
edcc13ccb,1
e436c1fad,2
44930f85a,2
977104c05,2
54b6c1d72,2
b17f7a1fc,3
951f0f32a,2
bb4c6519d,3
02468e968,2
28060651e,2
d88f3ee34,2
9e9a3285d,2
06c5ddbd6,2
4501c8125,2
503a096e7,3
f27974780,2
10022add6,2
55553842f,2
263b17d23,2
d2b949618,1
249af4201,2
87e6807c7,3
6dd12152a,1
bd7bae691,2
de2d4f372,2
51c99e8fb,2
70a33ed88,2
335eacf2d,2
ec553a900,2
10d83c05d,2
dbf579546,2
13fb61859,2
a1188fdb7,2
dffc5cef6,2
9ed224982,2
4033fee1a,1
a0bcee7e2,1
4546c89b3,3
a486e2ab6,2
d3411347b,2
6326e5387,2
3485ea1db,2
5264f98c4,2
0c71184d5,3
dbe634a4c,2
680e24130,2
88dbaffe0,2
1d46f1061,2
d6a84a290,1
8df053c7e,2
799a41eba,2
bf74b13ab,3
798f4a1e4,3
df926a23d,2
243aaaf6c,2
a437cc78c,2
48553ec94,3
e3fa09b97,2
a9294a9ea,2
edfe1377f,1
2ca38a180,2
631fa08ed,2
8468db069,1
51d880078,3
9fceca5de,1
50bbe8e31,2
60b188249,2
97b0b5d92,2
aeb17dd99,1
3db150833,2
9403bf0ec,2
7218c8328,2
fa1c96e93,2
a9e4d6df7,2
53b89efb9,1
9296eb09d,2
97dc6aa32,2
1bcec6d18,1
f0ee32b27,2
73a25206b,3
560232264,3
e7176bba4,2
00bfa5da9,2
90a7474ec,2
49fac4dc6,2
d07d9ab13,2
048519a46,1
6502dbe72,3
08d198666,2
bd5ac00df,2
3ab64c5a4,2
4df3c8b8f,2
79b514f79,2
29aa0b74b,2
35cc85250,2
96cbe1e48,2
bf6ef8c07,2
38cd559f6,2
3f5f5782f,3
30ea81bac,2
2b3387bd7,2
53fba6573,2
267bf57c8,2
82ab0ebbd,2
8044a4f7e,3
7df56218d,2
bc7361016,1
ffbc3eaaf,2
311157c79,2
0bf83cc3e,2
3a9efa973,3
1d8d037a2,2
15dc4c629,2
6296e909a,1
6eb6c99b4,2
ece153328,3
e58eb3249,2
89bac4c29,2
89c980093,2
1b932e373,2
d3dbf1e95,1
626b056b5,3
8039a31ae,3
0306e85dd,3
6ea58b8ac,2
2b47d7f0d,2
eb42f77fd,3
7dd780fe8,2
228117dca,1
69f4a00df,2
2e7d08fa6,2
4dc593f4e,2
b36616178,2
f2a522324,1
cdd7aee45,3
fceb751c7,2
9ef475fbe,2
dfe83669d,2
331c0bbf3,2
4d1d8655a,2
5e9539f73,2
b3902add8,2
2a6884283,2
12ccd5019,2
24e2e049e,2
ff3d455a0,2
72b0d2b06,2
e87214dd2,2
3ee594f5a,2
4e9358756,2
d6243bdf8,2
c8c8ce5d4,2
bfa54aa27,2
03aae5768,3
282f456cb,2
8019d0c63,2
63f2be2e0,2
f9b28d664,2
36632f72b,2
2de2cbdcf,2
25f6db0fd,2
163133ac9,2
26b70a13a,2
9f88f23a4,2
23874f644,3
af862a239,2
ab2e61df2,1
deff069a2,2
206db8d8d,3
68df0b84c,2
40ca5f1a0,2
60b9421cc,3
fd2f64ea7,2
dcf2641f2,2
0659c05d5,1
de34278bc,2
33dda6165,2
aff5fa8b4,2
8e8080bbe,3
37d0748c2,2
fd1cd576c,3
7f3895a04,1
810b069f2,2
3a3d4f5dc,2
37204e0c1,2
d85a78cf9,2
36c4871dc,2
9586639e9,2
e4b1b7afe,3
6cd1cac68,2
6a9d18d89,2
64e7edd37,2
e742a643d,3
563eaa005,3
29e2ac645,2
deac22864,2
9c996aee9,2
5a5ec1a49,2
4c9f111f1,3
807e3b981,2
4464fa621,2
c2558c319,2
0bf9dfa21,3
3b939b40c,2
0a796c967,3
caf786c94,2
2e2b3f60c,2
6f1580039,3
9aa2d99f5,2
f4f5588c6,2
e0efe2c72,2
2db012118,2
113252df2,2
cd4624a1a,2
1117a135d,2
0a76a6cf3,2
5d55a0cb3,2
5f6d23ada,3
ba311fc1a,2
5dce619e3,2
006610fe3,3
3d011c364,3
554965e66,2
9415bc79e,2
67d74124e,2
4c6a4b965,1
0c2549da5,2
146b9d6e7,3
ec2c40301,2
d2fa0b0df,1
7ec0f1e9e,1
7c9dc0791,2
6a72cfda7,1
541400630,3
cecb3b8ef,2
ef8ddd70b,3
d95eabfe9,2
5152dbfe1,2
3a9f1c036,2
b80074591,2
8ba1566de,2
773243cf2,2
2b54ee792,2
93641e3f2,3
a36b60379,1
b7a54fea5,2
63ba3f4a7,3
7b052d37d,2
e0667be3b,2
7ac41d8ae,3
fa41fb473,1
4669945ed,3
7d028bdea,2
f9347cf8e,2
4445fb72d,2
3f38aabf4,2
f31090450,1
ac6adc2e4,2
69b79d62d,2
445c703ff,1
9449dcc18,3
a345b4406,2
8db729086,3
4b932ab38,2
96b7978d2,1
43c623f94,2
9c5f43178,2
9d466bbca,2
25ef79825,2
ff10041de,2
794a45833,2
12a280806,3
ec4849051,3
62332ea2c,2
edd64fac1,2
c947d8169,2
b40ce1b96,2
6a546bfb7,3
084e4c05b,2
c11ca8051,2
b25d569cd,2
fd123a15d,3
bf2b57c9d,1
d6d9a938f,2
90bc90da2,2
9d9d9f2cf,2
052c95a93,2
7b9cd9253,3
16002dd9b,1
ed9885dcd,2
4ac47ceae,2
855de7c89,2
3cfec8730,3
495ad1b56,2
06df96299,2
b3543dda3,2
bc5ae0001,2
50cbc6c8f,2
9499f293e,2
2e553e40a,1
af0494f60,3
4d2dec2f3,2
68731378e,3
7b8924342,1
fc93d7cc9,3
0dc32d6fd,3
6caab3194,2
02e072cbd,2
4235841ea,2
6da06ed36,2
214dbc1f4,2
c06b6d8bf,2
073f265c3,1
d0c81c563,2
b5b7de4bd,3
bd54dcfd0,2
e95d902dc,3
2689341e7,2
8910f2f5e,2
47ae048a5,2
38470b3c1,2
140ef35de,3
2dea0707b,3
e0b6196d9,1
373f757c7,2
beb0f98f7,2
ed9936705,3
ef14861df,3
91288ac35,1
3c155e05c,2
0940ecf2b,2
e7f7066b6,2
87a3ef269,1
5ed271e0d,2
36e02d379,2
c969e8b17,2
63562f208,2
62bf39bdf,1
b5b9c3c05,2
3f675b345,2
edd79adb8,1
b3185d954,2
cfd819dd9,2
409ad5a23,2
336504b7d,2
e04d44883,2
59ad17125,2
d2c9dd7d1,2
1123cd69d,2
f8bf52aea,3
12f9b8e6c,1
31b90821f,2
386990598,2
6c054c4ef,2
0c4c55b39,2
811f9407f,2
3eb8ef7b3,2
5e8872259,2
1bf4a2ca7,2
6984c9c58,2
70f6637c1,2
a977f3331,2
5ca7a1543,2
45c718348,2
9cf32e2a6,2
0fd1d2d85,2
5f2623cb9,2
d20a375dd,2
0c64a0f1b,2
cc492b6b5,2
05d10428c,3
15a491e20,2
147e587da,2
5f9abe87c,1
fa16a892d,2
900b47573,2
011a11cda,2
69ae5dba1,2
15d4c0bad,2
76c276834,3
a32e58f2f,2
19fd91f5b,3
352522dbd,2
6e5f03ddf,3
810ff9d37,2
9adf0f234,3
4963e95ce,1
ad6992c20,2
ce0deaac0,3
b991a694f,2
f0bb05fc7,2
407af6f7d,1
3b41cf42a,2
95b5a7b19,2
f1dc8864e,2
6cafa50dd,2
4931c712b,2
768fb166d,1
994450113,1
ae03f99f2,2
c2fc23444,2
37e15671b,2
b98512188,2
50418fb29,2
5f72e457d,2
ffab93d18,2
22e73ac3a,2
5417ca8e6,2
99aa7a5a6,3
517f1dc1d,2
4914da5ec,2
74b9e9fc0,2
a63364c39,1
7acaea66e,2
be5595abb,1
f54d6a569,2
b5974bdd0,2
ebb74d225,1
eadb7f25e,3
6b29b45d9,2
ea0d7522c,3
937c2e14f,3
563854d72,2
cc628c147,2
9500cfff0,2
62550cf78,2
bd3fb8531,2
e909c484a,2
492fe3371,1
74f3293ad,2
fa64cfa4e,2
0a8746c09,2
b2dbd92b1,1
9f2948e8e,2
113b2b57a,1
8b396d0f4,2
a31b05e99,2
20336bf88,1
e030b331f,2
4d8bf7feb,3
5147c0162,2
13d0266c5,3
c24017264,2
7feb1774c,2
375794bcb,2
ff8e7c016,2
cfc3e65de,2
b663299dc,2
461185d51,1
4a0d03a9f,3
567b92b70,2
8b8489a24,2
366a03818,3
13f07ee9a,2
0adebbf21,3
e052a2a39,3
094c2c3bf,2
b90e6ec69,3
dabe9ac5c,1
8a5d7e622,2
9d513f46a,2
a6ac8884b,2
37d88b689,2
4f7932c0d,2
229d33382,2
34d5748f7,2
2391fcc9d,3
a554dbeca,2
a4b96c3f3,2
e66a993a5,2
dffb9869f,2
dffa9e326,2
fc50c89d3,2
70c811b9d,3
3185aa328,2
1bf044649,3
94af242ed,1
66125940b,2
2486fcece,2
28484f496,2
a3eb4fe4d,2
a2e529567,2
511b4a044,3
b888f72cc,2
d23a1962d,3
c6acce195,2
9d64175e7,2
6a5c652b5,2
902114441,2
9718baba0,2
17066185d,2
071753413,2
75bd3a017,3
a22b593a2,2
7989fd303,2
1f4378ff6,2
c9151664a,2
677282310,2
fcae5bea5,3
c5b943ccc,2
337405507,2
c13da6b92,2
6223c652f,2
549c35706,2
0ea7eaf00,2
e07812482,2
4fd755cc6,3
740d9759c,2
65a8f7628,2
d6b0d8aa9,2
f03af5072,2
d6be47a3c,3
5902c3051,2
9c5feed55,2
764fac30e,1
99defcb66,2
ea1318971,3
91054dc16,2
109823680,3
10711bb95,2
1e0be9e49,2
adfd0f0bc,1
fe0a74b2b,2
416cb5d6d,1
efc55563a,2
06b533b04,2
5dd3f3eb0,2
fa323e99f,2
0ef640aaf,3
120805f93,3
6b7f2c603,2
de884d234,2
41c61ed91,2
369d96f21,2
f72d7a939,2
574b9ab4f,2
f6d2c9972,2
d4d84523a,1
6e50b52c9,2
45ba264f2,2
3002577b8,2
a1686cafa,3
9c87d70e5,2
e8c9545c7,3
2907a1335,2
2ad565311,2
51366110e,2
2b6e5343e,2
9000f2766,2
4a8ac8bff,2
1a952e440,2
c82f54ef6,2
98231df17,2
56583003c,2
66409739c,1
048cd8bc0,1
a1ba2f016,2
13be42d0e,3
71419d422,2
0c17e1f32,2
fd2d48292,3
e3749ff79,2
be4275440,2
205714da6,2
79669f807,2
67ba0fe06,2
68e6d1bd7,2
71deb8267,2
a0eec326f,3
960f1a1d8,2
a7d9451a5,2
222ee828b,2
87a16f3fb,1
e7d595174,2
e7a24f9e9,2
f8b702182,2
2d813cd28,2
4a56ae509,2
eb307c1f0,2
9a34ddc8b,3
a46794d88,2
0bd2d5882,2
81d404558,2
47fd4a840,2
0a14ac037,2
a78dcb663,2
b567ca662,2
ed40421f9,2
21c281e66,2
f26e3e182,2
f294123c1,1
d7fd0a30a,1
aeda0ac0d,2
248c027cb,3
baf60f1bb,3
ad8569001,2
dc99804de,2
6a8ce175d,2
5dace0494,2
a111adc75,2
79ace4e40,3
179c21d17,2
f86b59db0,2
7a6a9aace,2
43b5d3f4d,1
18042e473,2
ed08c717d,2
050277142,2
c50a42095,2
ff832cb7e,2
e83e05a06,2
0b4ac75e9,2
93329ec1a,2
96d7ed5de,2
231ad764f,2
9cc36a057,2
2e1853b79,2
348a982e2,2
0cb5ad250,2
0e98b9e24,2
8b0310013,2
deda21b9a,2
07914c759,3
44bba906d,2
1bde9cc3f,3
01e78230b,2
a3e32d538,2
b7e584546,2
1736706f9,2
0038c9343,2
7bf8a38ee,1
01c202740,2
f32059805,2
9a770c49a,2
3122253f4,3
9795221d0,2
6cfbd44df,2
5b3c81931,2
03926867a,3
e669e318d,2
0fb490c9b,2
ecc626163,2
2c23cf72e,2
2f73851f5,2
6786609aa,2
706c85343,1
da8326fa5,2
e9e4424a6,3
634aa14a6,1
b80b51bda,2
608a58c8e,2
08767d88e,2
fcfae453e,3
536af3840,1
d0aa84916,2
228e88a51,2
a04923326,2
0c28877b7,2
6316b9647,1
f03979157,2
af39d67a5,2
245d6e033,2
b52c73ef1,2
26a07719d,2
58c5f739c,1
156da1714,1
cdf5760e8,3
4cfd0fac0,3
7028ea673,2
f895c20f3,2
c8bc66245,1
e936b0102,2
0f15ed6ab,2
79fd13ffd,2
a963a6979,3
8378c8af1,2
63afbf2f2,3
22987c7fb,2
f0137d4e3,2
00156db4a,1
1a2816f0f,2
4f35cb8e6,2
e76b8eeb2,2
bd16029b7,2
475564ad6,2
6ab0ddda3,2
d15a5363e,2
9945b5ac5,1
fb67eb5d9,2
26fb642bb,2
d6ff1af86,3
f892df3a1,3
c6189ea84,2
51cdc726a,3
c135e081f,2
ca75db93c,2
f74ad48ff,2
5ead05034,2
4a66f74ff,2
43c661026,2
266aee5b3,3
c4ef3ff97,2
ac498ad58,2
37e47eeab,2
dcaae830b,2
dde3750a1,2
bd4500e6c,2
2f3d368d3,2
d4dd82200,2
4c1adfa96,2
8f0468771,3
c3b94defa,1
97dc40c6f,2
138c79a01,2
42af80bc3,2
7faf2e49d,2
b181fa99a,2
25079d00a,2
1c74d62ed,3
9981290b2,3
a86bbc71f,3
800a7c025,2
c2016fa08,2
b7df87757,2
8c76e6356,2
0c5fe8151,2
c33220375,2
b6106ecb8,3
547a18b80,1
c05b74b05,3
6730a4a60,2
c82b8b2c4,2
d71310023,1
1533ebfd4,2
c1ca516d7,2
6295b5bc0,2
18b6fc5f0,2
ee8ddae7b,2
8e372fc09,1
81734dbc4,2
a8f2a5210,3
651d63dd7,1
90365353e,1
eb652ec07,3
9a1be07d5,2
162e06c01,2
a64d70c84,2
1c2d419ac,3
986e26eeb,2
185ea5010,2
6138cd70d,2
aba4e5336,2
19982272a,2
ceee65059,2
cbd0bf6b1,3
e73038b62,3
a7c7ede79,2
3c0450f2f,3
8aaff4d83,2
a2dbe6af3,1
6257ac9e4,2
873996ad0,2
029469d58,2
745fd19b8,3
b16852e32,2
a29dba165,2
63912e2b8,3
76358e754,2
5d225055d,2
36ad55549,2
0133b2a29,2
91d238a62,2
d1962ab4f,2
703374c74,3
d8128cefd,3
8ad937f6c,2
2857efde3,2
3cae1b9ae,2
c1f16a59a,2
c7315e345,2
8335d65e0,2
6f1a516f4,3
3503528f8,3
ff498c903,2
4ba068d30,1
5adb4e661,2
8a9a4edd7,1
f90762cef,2
38a780df6,2
653b3e668,2
8a030b8f0,2
3e3743dc7,2
7d4fceffc,2
ebd16285e,2
161718095,2
7cd6556bc,3
d16c37008,2
95e92b082,1
4d8bc908b,2
72bfc767c,2
523f4a05e,2
7d7fddaed,1
70edbb1e3,1
43ad546c7,3
d81a46211,1
25ebacf03,2
afb230f5a,2
6c4af5f08,2
1effd827e,2
6607c6e22,2
2683c99f1,2
25ffa1850,1
a9f6ed0cb,3
5730742ae,1
b9568ee6f,3
caa9a4f53,2
5a4b6ea39,1
548093fa9,2
c53fb8a18,2
d97d4b420,2
782eb0d9d,2
1e115d8ff,2
444d1c6d6,1
5f4f3347f,3
45bf47f58,2
df39a5468,2
fe2d576c2,2
a0c64fbad,2
3ea00c9fd,3
0fc52b599,3
80fd005d2,2
a16ab2da0,2
532396459,3
560d2b399,2
e3e70d2b0,2
d3b7112e2,2
1fce53107,2
5ce77d859,2
5b346ef59,3
eb8620132,2
a6e902691,3
0f6f980c9,2
393d6bda1,1
6f46311db,2
6b5f208fc,2
62887c0ea,2
7711871ae,2
7ef8c54ee,2
52ed9719f,2
33752346b,2
57e37b00b,2
34fd2f89a,2
6fa5384b8,3
76495d7f4,3
51a0d55ba,2
b1170cc46,2
d38fca349,2
cef342d22,2
20f05426f,3
e9e9c9efe,2
a6adb9a9f,2
27bf3ae34,2
e50d881a7,2
4aa44d3c9,1
341420028,2
fdfa41872,2
a3449e0d0,2
0ac2e7d16,2
cc09a719b,3
3ebb0dd45,2
bbe6ff890,3
f34b0a578,1
ca1df3f71,2
dc1d76def,2
1de957113,1
196d58932,2
d04fbf327,1
04af86059,2
d93b38122,2
3209cdc3c,3
79ac40056,3
d50a1665e,2
1ae9a98d3,1
f4fb11803,2
b9086e44f,2
26e02fdeb,2
4f9379256,2
db745332f,2
796382bf4,3
183e445ea,2
63cd0b2b3,2
1a2f33fec,2
5980b0699,2
52d336af0,2
6984c8d7e,3
2d95a1a81,2
f67d78df8,2
c44a94d4b,2
621b83ac7,2
4ea44a5b0,2
326b17344,3
68cdd6d6b,3
469e709ba,2
ffb6a7f5d,2
edf74226c,3
1a4a2e683,1
3091d24f7,2
9883a048e,2
20bf4bf39,2
e7fae9937,2
10f4c8d8c,2
0f9697729,2
c1f738966,1
8bc346340,2
77e8dfeb9,2
45f8df95e,2
254dd6ba7,2
51c72aa92,2
9521ff66b,2
1d777bbcd,2
9ca400496,2
87ef4d3ca,2
a3853c992,2
a811da408,2
6e9e903c6,2
b11ae7451,3
b533529a6,2
44c8447f9,2
6366dd2f9,2
0f27a7baa,2
59913444e,2
6b53bf64d,2
6f358dea9,2
8dc7b3ffa,2
79db05f63,2
eff6d721e,2
98b1fe759,2
198357b7e,2
0d7c5b6f6,2
e653e3c51,2
d99c980a9,3
bb9ef04d1,2
172332f53,2
5dbd7f61b,2
269caf235,2
65c2785b3,2
c8519aacb,2
cf49e1549,2
717b573f8,1
da5ae6aa9,2
3ec367f79,2
8cb79284e,2
dc996a1a4,2
a118d66aa,2
aca6b6256,2
495528ba4,2
98128b920,2
c65cbe7b2,2
f069c7c28,2
96353db69,2
4ffbe0538,1
21655a8bc,2
f7999c9bf,2
b1d0eba1b,2
349fe9b9b,2
99a994cb1,2
b34dce3d6,3
13bbf723c,2
806bcf604,2
7e69c99bc,2
984efb177,2
193781ef0,1
cc081896e,2
af8fdab18,2
3b1009a30,2
596cf7334,1
2560aee80,2
68d430cbd,3
19af88854,2
6bd434dc9,2
2ef182fc5,2
1976719f7,1
52a23ae9d,2
2566ab3a5,3
95eb301ed,2
2cba60aeb,2
279895e23,3
d6b7b63de,1
f7754af59,3
86b3239e9,2
708ce5f42,2
5f1896e5d,2
1ce555db8,1
d0b337200,2
df4d893b9,2
6d154eccb,2
ad786540e,2
443005b65,2
a768123bd,2
26a351904,2
ddb95945a,1
cfae2101c,2
45af03266,3
0a53af472,2
dafa3b086,1
295b1eef3,1
850b0f686,2
d8af1e7a3,2
58e8cb9e1,2
f376f922e,2
2fcdfb0e1,2
fc43d7ddb,2
89f28de34,2
75ca94b67,2
33a9dff78,2
1530366d2,1
f87c02978,1
57f2482cc,2
fc19f9c36,2
cb568959e,2
440676acb,2
792e8c192,3
a2317e5b0,2
c36860383,2
01e410583,3
14580436c,2
dd6cb40d8,2
040771e8e,3
24af5742e,2
35ec69571,2
c3cafb38c,2
199277f1a,2
133cc5f19,2
310ea711c,2
b988d6443,2
fa0295935,2
c70dc1bd1,2
b7fcfa1e6,3
16f74099a,2
8910ea0f4,2
063d8c58b,3
6d43edbe9,2
798fae45f,2
880d3c594,2
6968f86dd,2
f2716e1e5,3
6c9382d17,2
a6c836abe,3
f75724b44,3
0e1a54250,3
500fdf3b1,2
36dd5c626,2
310b5199f,2
3f9f466d1,2
de59f42db,2
5ab1e209b,1
350a14e36,2
f05838eb7,3
0f1136ad3,2
59903171d,2
397be6b99,2
bcdaf8640,2
0ced977d7,2
dd4196a55,2
63dad490d,2
87b753139,2
acc76c678,3
7bfe2d68f,2
0cce7d218,1
c7cfbc8e9,2
c749028bb,2
39b3fe88f,2
f3551e91f,2
9b721dcaf,2
b72a62a33,2
7b3332622,2
9a1715a97,2
dd4b67059,2
aaf465c30,2
489466e53,2
a05c489dc,3
00f997463,3
31dbaafaa,2
e3b39a9f5,2
0045ed62a,1
33db028cb,1
d5f441f79,2
05252b175,2
c87651546,3
64c4f9057,2
99a705efe,3
3daede547,2
7e5d4e317,2
30764a1fa,3
ff85f13d7,3
20e75472d,1
eff316e87,3
63c93929a,2
befa8a395,2
c24516b64,2
a2037a7b0,2
948f580dd,2
9faeb952b,2
6be53d844,1
ce0e8f18f,2
461b33f39,2
a9fdc3e4a,3
48317c9e5,2
6a6e8e4eb,2
1b1ddc50c,2
3afb76273,2
eb64e3d68,1
1246bed4f,2
2d304409b,2
7959e3491,2
44c117982,2
6afe7ee11,2
88876f4d5,2
bf6e18567,2
17cbebba6,3
49006b8c3,2
6a0f0b8c0,2
1e72112bc,1
12dd13adf,1
706d1c836,2
ef8d291b0,2
fe86005a1,2
799ea79a2,2
64ca585d9,2
f3aada535,2
a3d9bc3aa,3
6f94c942b,2
e7b3f752a,1
138035c7a,2
5cd76da7d,2
0b4a0d698,2
ba77d1df1,1
bea6f651c,3
3fa0de4e4,3
8f860b014,2
e4406b18a,3
9fb8e5e73,2
883e7d058,3
bbd225f09,2
39e0cc98e,1
a4e09a814,2
cf3bce1cc,2
1b1628128,2
dfff88c90,3
14efbbb85,2
fe4b30cfb,1
af843bbce,2
4a0cda147,1
d7c661670,2
7494b6aa9,2
0ff50cbd5,2
eb350f2bc,2
799aad68b,1
83f13202e,3
d404012af,3
8fcdf3368,2
04c4a7493,1
9c14d8650,2
6ca8ebdbd,2
9cd08bb2c,2
0722660e0,2
215b68785,2
a1b34954b,2
1c6aa4b33,2
3eaae43f3,2
65a98c48f,3
08fc1372f,2
3695274de,2
97450a196,2
61ac3c78c,3
39366118c,2
030387828,2
9ef928aa7,2
951352bea,2
a120cae65,2
bc4bbcef1,2
81694b7db,2
248590a63,2
4a02b467d,1
f27915d51,1
38c82bfc5,2
1aa527f5a,2
fc32d375d,1
70c30b53f,2
ecb6979fa,2
5183f369d,2
38c5d4e0e,3
edbffc8cf,3
67af2d880,3
0985e2dad,1
68ab069e3,3
e481cf862,3
d1d9012db,2
07417927d,1
04f8947f3,2
6a4a4b403,2
cdd50f583,2
0a9f9f178,2
d5df34957,2
112ae92e0,2
1727cfc45,2
870fc2931,2
65b70bad8,2
cae5c7ef1,2
9b0744be7,1
4501e7e4f,2
871a00e21,2
d38ce48c2,2
77653ab79,2
3c3ff9ffb,2
07b2a1416,2
2cb770ad7,1
082838f84,3
f6f2f9424,2
0597b1859,2
18a8b9b6e,2
2c983fe89,2
1a0180eb9,3
fe3e235e0,1
c9ff29578,2
4a78a1859,2
25fb57849,2
5096467b6,2
ed89380a6,2
bd248bb10,1
b83e15288,1
9a96189d5,1
fce854722,2
6c896760b,2
728c78b39,2
1a47d1c94,3
f2be40d43,2
e99a775d2,2
e7dca0b2b,2
577c72b39,2
7d25e2e3b,3
8f2daa8e3,2
56cba1beb,2
c0b5e6036,1
a75bbea18,2
2dd6e4186,2
86fe4ed68,2
3d277ebe6,2
6083e589b,2
6da091c79,2
59e24567e,3
ffb33c204,2
af93d5c2b,2
69a1b02f6,1
3af2b1473,3
3bb1086d6,3
5d8568dbd,2
4cc49be2a,2
d4e83ee5b,2
b65dc15af,3
aeb15ed5b,2
642a88a93,1
fa97a865d,3
059baa037,2
d2dd62cf2,2
f5e310e82,2
a6e33dddf,2
7276be56b,3
6b94af372,1
0b90767fa,2
31c2215c1,1
3735485c1,2
a21f20530,1
73501589f,3
a669b77aa,1
d0277b9d3,2
3dae967f1,3
fd7811109,2
d2f216860,2
64f41ee68,2
534fff3cf,2
d1ef30b8a,2
26dfe8b29,3
a119ce67e,2
3ae51e685,2
2b666036a,2
1a4464471,2
00b23513e,2
705a6dffe,2
5bb802fa1,2
3069e2d3c,2
f759dc332,2
01b8e6c14,2
19a36eaab,2
19bdaed52,2
8f90bba4c,3
bfaca902b,2
74f16e441,1
1adb292f6,2
c6c1048af,2
f51f68a13,2
24361123a,2
c1278fe60,2
29f2fd4c6,2
3c6f9a4e7,2
69975d223,2
0e8887c13,2
cbf20c4b0,3
59d42b6bb,2
cb474120b,3
19926213a,2
c77a68714,3
4747bead4,2
8ca64b428,2
a6cf89c61,2
5c9de0c0a,2
0ca5a506e,2
2d88536fc,3
8a6d97169,2
7f6f8b365,1
229beedff,2
a3b415951,2
558ca2c00,2
82563b26e,2
ea3aa721e,1
48a2630a1,2
e995f65fc,2
bed0c276d,2
14a16b96e,2
d26ebd584,2
11a3fb06e,2
b28de653f,3
b3b6d78f5,2
c68f66799,1
b88f141d5,2
331476348,2
7d2fe6bb6,2
be9c5d746,2
d77baafda,2
3c7dd9982,2
0b243ba27,2
257a99aa2,3
1fb9fdf7f,2
b5295b0e2,1
a86f09670,2
3bb5061e6,2
3f734b97c,2
c64f86015,2
f555570eb,3
7e3607e1f,2
086857d70,2
497312a16,2
fc7b01af6,2
c5753890a,2
b121d3be8,1
1811b1412,3
356f1ecfb,1
1d86e9d9d,2
48899f983,2
17ef602ce,2
fb6c5726f,2
106de20f0,3
9c26f0fed,1
1c4d6faac,2
72a2dc93b,1
20bad295b,2
d78d1dec0,3
7ef23b94f,2
369dc90b6,1
189a8292b,2
6fecc5cf7,2
1a030d758,2
e0dc745da,2
5a3113fdd,1
162195d38,1
b4060a70e,2
dc1b809db,2
b7e7211e7,2
737069cee,1
b65fd06e2,2
e31df86bc,2
bf9fe33d0,2
f231e1f78,2
76d3ef2a4,2
316f30229,2
b94b99757,2
ecc77653a,2
7975df564,2
8e4a80297,3
276ce7f3a,2
9c7917558,2
cfbbeec5a,2
87a679d31,3
b5f105607,2
1ef0bf320,2
07638746f,1
f8710e158,2
6e6d8b614,2
6d18cc71d,3
0fe419dc3,2
a53cb0980,3
c6e25d716,3
4413f9855,2
3335796f3,2
d06076338,2
d9b9b0174,2
fc4b199fa,3
93f758039,2
4c0de1708,2
760d9a4f3,2
ac1eab621,2
081c2daa0,2
5bbc1017c,2
e4424b719,3
8f519310b,3
d3a4afef1,2
36b20cfb5,2
c1a9d98fb,2
8ccda6476,2
dd2ec7bf4,2
f6fac7b56,3
cb307f308,1
503a567ed,2
f391fc44e,2
525947b88,2
b3e19ff68,3
2ebb5aa64,3
722beb3aa,2
f64a1a0c4,2
86e49d18d,2
4a5a02164,2
fed3c719a,2
2dd31e8ff,2
ddb881657,2
0b2e2526c,2
8ebe54ca6,1
a04c35bc6,2
948a1a82c,3
b06d39b09,2
3af78213e,2
e152df77a,2
890dc359d,2
1bbf00182,2
5a3ea9e8a,2
42444811d,2
365aaebc8,1
c2284e2e9,1
b0ad07cfc,2
b854220cb,2
a89f8b241,2
40156a896,2
d2161e0a2,3
c57a0afef,3
fa7c7d1be,2
f037aaccb,2
269a6756f,2
bd4059588,2
ba5526238,2
183eb3fe5,1
a630f3a73,2
00e50c7a7,1
3faf2b4d4,2
de01d00eb,2
4f6029457,1
3cd5d9102,2
de6c0126b,2
98782b403,2
4f3b3314c,2
39bff85f9,2
1bb0600a7,2
7dfa4e393,2
c14b2f3da,3
7ed3e206a,2
bb9e47b4a,2
eeaa5c53c,1
a9f395ba8,2
734459ad1,2
36edc334e,1
99b263dea,2
8c4488c48,2
fb9b44c0c,2
9141b7803,2
4eba3b5c0,3
35dcf4794,2
a2b42f2e5,1
f50d4f5bc,1
1a5e5d34c,2
ce2004c9e,2
9f1ba804c,2
ac0cedc9c,2
ed44605a0,2
e204110aa,2
3ddfb6f66,2
abb847f55,2
81a815ef5,2
baf7a42fd,3
34f6111bf,2
aa32ec730,2
652f89d34,2
31912a7d7,2
0e1b8bb74,2
275df2552,2
a1390d450,2
d9fca8be8,2
27a7a1795,3
8c006c8ab,2
50d1c2157,2
15e5b6d26,3
04aa54436,1
0ea0beb3c,2
d83aa1f02,2
18f9fe19c,2
32f617eda,3
6c7251bc8,2
f342f337e,1
b5d3858ae,2
52cf4a759,2
b70ec3788,2
9dfd5312c,3
cac68ead1,2
ad66b0f44,3
d687c7171,2
fb9783859,2
999d24492,1
167233db2,2
2e5d8fd10,3
a8057f0a8,2
0a40d8c85,2
a237fba21,3
95636a0d9,2
14155e8c0,2
b0dec8779,2
bfdd20655,2
6e3d78857,2
1a67ffb8b,2
9e380d9a2,2
72acdecb7,2
fbb3db415,2
24737dbd5,2
b49d7a9db,1
a710da2ab,2
85a12f70c,2
d03356a0e,2
e90c988f5,3
c79c98af1,3
a6423eca8,2
2e9a53eb0,2
306989556,2
da353217d,1
4c2af85fe,2
f5257c5e4,1
a399a151d,2
705d4f296,1
a460a6274,2
c52b99ee2,2
0f9fd5688,2
d6ad64584,2
034259113,1
1c59513dd,2
dba9050f5,3
fa8cdf62e,2
c7c6fc160,2
bd8312dcc,2
7991808f5,2
9a218ea6c,2
066498aa1,3
71b0f7f97,3
2b4c0f3b6,2
de41ebc79,2
db3fce97e,2
b9dd5cfcf,2
46b603304,2
8420d063a,2
1539be087,2
40fa3f339,1
527b6112b,2
85e72abd0,1
1cd970978,1
98aec0679,3
5bbf44cea,3
56d7f894f,3
6dd6775e2,1
9c95b7659,2
18c45e502,1
903523a17,3
d930f411f,2
b9cb2f0fd,3
6d67ee4d1,2
41ee53918,2
9cd7bfaa6,3
5ca64db1a,3
c15b3c9f1,2
92a038846,2
916c891aa,2
5b64325b9,2
d7c6e0401,3
0d6cb5b69,2
8693c4e7f,2
c6f877dda,2
f4d945501,3
1833aa7d6,2
3a3ae56f1,3
10337747f,2
a94db6dc4,2
e24a04c10,2
b62618f55,2
e156e8aa0,2
d90bd59c3,2
a73915bd2,1
2ead80817,2
8b2be8807,2
af32c8be0,2
7cfb6fe9c,1
b477ad589,3
6c1fa0fdb,3
4f3e35156,2
c87f6d0e4,2
94fc65b67,3
c1917c88e,1
eb1f799df,2
49c216bf8,3
1ef5b1310,2
632b28a99,2
f5dc6f316,2
283d93104,2
49aaa4f94,2
c91873618,2
ec4089e58,3
9d71eb546,2
3d181b3c6,2
78929e879,2
44598cf69,2
d7bb5cf59,2
b543331f4,2
ab17ce306,2
7fe8ef73d,3
9fa760b69,3
f319a49de,3
0c3f6001a,2
3ed4ada33,2
31e9530cf,2
7028931ed,3
3d751fe45,2
c9cc0915c,2
7b79e52f0,2
047514286,3
f026fa4b5,2
4f66a72ef,2
176ef71db,2
50262523c,3
218430ef9,2
2c0a3e57e,2
36a216956,2
41c163f8a,2
e2c1b469e,2
97b469d4b,2
dc2354851,1
19b7a9e47,2
38f6f3011,3
eabb13cea,1
113926f03,2
35bbdb5fd,2
710dc1661,3
052b0ada8,2
b62a100d6,2
bf537cdb3,3
bd0a144b0,2
c92b59557,2
788e8757d,2
8ce183889,2
0e0d0a9af,3
2ca3f6d92,2
0e922caab,1
4cc05c35d,2
cc13183c3,2
02a13b2cb,3
ae00eded4,2
9df9b11b1,2
3eee4f608,2
d010fb743,1
78a8e1b01,3
af75249aa,2
30bfebc76,2
8705145ca,3
24357b578,2
c69315120,3
bf5eb5d00,2
39fcd2ca4,2
fcc138c39,3
9f56880b6,3
0e6492f0d,2
181c10e45,2
03c323fcf,2
6f41847b5,2
fae628c13,2
b7da4e981,2
ff601e5ec,2
046dcb8fb,2
9123c847a,2
12dce436d,2
8b8229f52,2
f14c5a335,2
0ca524fbf,1
c0a0a48a0,2
34a6cc7b2,2
82c90e313,2
4ad983a9d,2
23d784a8a,2
020cd1d50,3
315d0e254,2
64904cb52,2
4436738dd,2
bd9e9d9e2,2
69a7461c2,2
40843af1e,2
9185b2ed3,1
a819792f7,2
08aad5787,2
30846007c,1
6a7027972,2
e6c3faeed,2
bad8f7276,2
b5033c917,2
76fefc6ab,2
42ea4ccd8,2
546957a8b,2
53923463d,3
311ee8343,2
88f092c58,2
052160ae6,2
65a7711bd,2
488c8d0aa,2
8af4db3f3,2
7e3d0e3f0,3
cad8537e1,3
cbaabed93,2
a72492a9d,2
026c5716f,2
0820696a3,2
6648175ff,2
b6f77d754,2
e6ad8aa1b,2
ea159d8da,3
0691034ac,2
284c50f77,3
162c1d98a,1
6d7d7753c,2
ac3a5c473,2
d9a014dbb,2
a462b563c,2
d8179f4d9,2
040736f83,2
d473d632a,1
939268f8e,1
8cd96bf75,2
b3bd4c99e,2
141a53bee,2
19f0ef706,2
9a65d163b,2
1fdf2880b,3
915f0b42a,2
43894825a,1
c662b7876,2
1facdfb28,1
4195e3052,2
60875e5f0,2
f2472c8dd,1
a854aca45,2
48aa8ee7c,1
74363ff2b,2
8cc02d983,2
36681d1d5,2
8ff587b75,1
02a8e44b1,3
400eaa6d5,3
3859838cf,2
dffc44afc,2
e79487c5d,2
62583aec1,3
ee57c8d53,2
ffe2090b3,2
3f53ec8cd,3
bef897b2b,2
e90e0ffae,2
bcda9d091,1
e58dde7d7,2
b4eb7f4df,2
ab9f715ad,2
35c9336dc,2
9ec6fbb61,1
24488c53a,2
40c204453,2
963520a2c,2
03b0568b3,3
b1d288322,2
a8e6ad61c,2
0eaa9f888,2
8f2946027,2
5909a21cc,2
046256943,3
bfdff0622,3
e08649ba2,3
ef8782012,2
6ea6cde88,2
89bd573e1,2
5df70cb5a,2
e38f07d89,2
b03c17502,2
1a6729b6f,2
e6bc32c73,2
2f3677597,3
767a3b706,2
aab56f3ff,2
35178a75a,3
9fab4e65f,2
063495ecd,3
69b2e9f3f,2
a3d8c3aaa,2
c573a0ce7,1
9e27976e9,3
67115d437,2
fcf377cce,2
51b7034e6,2
ef0fde5be,3
c00b7ba5d,2
160dcaec8,2
d3bafdff5,2
7f094e80c,2
88b992d13,2
a9a2b71d8,2
b7f7e01c6,2
d139783fa,2
2ffddd303,2
fb4814fb9,2
4efe77aa0,2
e63e3eba8,2
ca9841ab1,2
6d8793638,2
40501d365,3
5e17c1fde,2
2a7b5edbf,2
a19305a1a,2
239c4b696,2
4fc4ac031,2
803c3b444,2
22e1f3438,2
599d24d23,2
65b05f438,1
8dea6d23b,2
c70867d90,2
7a84326ff,3
6210026f5,2
2d441a71b,1
b64e30a78,2
230232e58,2
8b01f5e06,2
991b35363,2
9ad448a42,2
615df1d7d,2
db9ff390f,2
5ced5d057,2
43156136a,2
ab503c64a,2
f8e1ea097,2
85f71876c,2
7c1f20f6e,3
5451356cb,2
8ae60c34e,3
52ad1225c,2
8a0a8eec0,2
5c9d562ac,2
3e924d284,3
2bfc5658b,2
3dab3050c,3
5fe32151b,2
c222a4955,3
aa6b8a52b,2
e8b34f964,2
6846c8340,2
702bee848,2
783a31182,2
703c9a23b,2
2e392586a,2
d70af36fd,2
2e726c62d,2
fe1c36fb1,2
14f9ffbbc,2
d8697f0fd,2
2a1bd7d28,2
f03a41229,2
3a94fdf2d,3
0c200f7a6,2
1076dcc35,1
840bad15b,2
3d1d0f102,2
aa0f2c425,2
1f7863209,2
207c24fd3,2
9999b8c82,2
e2e7a93fe,2
8d2afd85f,3
6661d0fff,2
b02f2fafa,2
9e5672e85,2
e0781fb0a,2
350116b16,2
01ba86830,2
802b1f331,2
cff80e84d,2
dd13b36c6,2
b2b52ccf2,2
25dc712af,2
474bccd75,3
105c28771,2
99a0196aa,2
e5962e049,2
49d1423d5,2
c70a3fcc5,2
9550556bf,2
961d4ba5a,2
191660250,1
a21f183ed,2
62f87187d,2
6984b9727,2
0e88c1c1c,3
556549333,2
fc02869d9,2
f569b3a29,2
182aa4a29,1
0d6696a32,2
7d52177d6,2
21178f3b0,2
3141b7931,2
d58c146d6,3
cf85bd080,2
5c48b210e,1
ae089cd20,2
0baab7556,2
3227c4f2e,1
02af3813e,3
eaab63bd7,1
1b6f92bc2,2
aca9ddee7,2
79f8f767e,2
678140b71,2
1be1868fd,2
35149528a,1
a009a2f0f,2
e6b64b212,2
e68926f8d,2
41ce762ce,3
b5aa74c6a,2
a6b0179fb,3
9809485bb,2
4595acb4d,2
b690774cb,2
485772d7e,2
7ddf00d90,3
e23c47d1e,1
ab293b191,2
e65a26822,2
1c8ab73ca,3
d3f0d22a7,2
94d2d552b,2
7e8c5d816,2
0b15f3794,2
f4ae0ba7a,2
4fe4122ca,2
fe83618e5,2
8849d3fe9,1
8bacce548,1
5e6c38ddf,1
f7a134121,2
8c7b2f093,2
52363327c,3
14b3376eb,2
4dad8252f,2
7582d1ab2,2
57b1f782b,1
3c43b7541,2
f9b0d3370,2
c60e6aff7,2
43e4cb788,1
ee6e0abe4,2
387147d00,2
50d766c25,1
0529ad4d9,2
b652b7241,2
eef0fa0ef,2
62b8390e7,3
2ee5073bc,2
5ff169a48,2
5de1d0c34,3
480f33a74,2
d8d840693,2
58396d68b,2
546aef659,2
3bedb1ef9,2
4a4fb4974,2
75135cca9,2
d05933e84,2
bdfe6125d,3
724736153,2
6eef41768,3
ab1ed5c13,2
2bea067f2,3
4e4ba4429,2
656c5e0ff,3
3c1cc2c24,3
7be394a98,2
4696fb463,2
4fd97d6fe,2
181d40c5e,2
e8ee34b59,2
4f4f3cd98,2
2c93c0c11,3
37965a7c3,2
fbba51f97,2
5fc55b842,1
33a51709e,2
a8de0737e,2
83b705aaa,2
1398adca0,2
cb15b5fb8,2
252b8d395,2
29a9fdad5,3
49f06aa59,1
bcb22c952,2
77fa5cdd7,1
147a0fbd6,2
21a56b530,1
45afc38e4,2
cbd289193,1
8415aff49,2
48a44eac5,2
ad5692ee7,2
61c5987cd,1
4eb9c5991,2
590a78f0d,2
402799b02,2
b04a0dd9e,2
18dab2783,2
fff6f2f61,2
8566a1bd5,2
48a3fe4ac,2
10124968c,2
6c909e8d0,1
34872e9a7,2
8e1111452,2
ac1629362,2
1dc90fbb8,2
694653d6a,1
82905a82e,3
2a89fe4a5,3
a24bb77d1,3
2d880df4f,3
3658ee105,2
8ce613036,2
8c0eb7188,2
5dddf96e8,2
9162433d5,3
16c53ebf9,2
bc22c806a,2
4f60e910d,2
289d0bc8a,2
21db2af7c,2
5493d0771,1
14c70761a,3
78cb569c6,2
7dc33902f,2
c7e61f3c2,2
9a627ad95,2
8140d2734,3
acc327f18,1
60e5899e2,1
29466dcf4,2
227bfa6b8,2
477d22816,1
f6dc58442,2
1b08020b7,2
d19f035bc,2
804c6c78d,3
2def67952,2
c55e9baaf,2
bd7b805ba,2
387a2639c,3
8573077f3,2
27177be26,2
0e783a2e1,2
c8cca430f,2
15956c89f,2
176e54ffd,1
e811cd880,2
1eb7eb47a,2
5f891f500,3
771156bfd,2
dcefbb974,2
186920165,2
e84771c5d,3
38360bf6b,2
238c76ea1,2
5b539effd,2
7efb36b65,2
f785304ad,2
5c94ecc07,2
0ed8d0f9c,3
695ae7cbe,2
41c09806e,2
ea433c341,2
74f987b01,2
919ebd16f,2
196b39897,3
27e6b452b,3
189637f90,2
5781e566b,1
cb278aa01,2
a0c332aaf,1
23b3f793e,2
400b56d39,3
ed7cde89e,3
81ffabdc8,1
230009c15,3
e19ee42ce,2
bf50b399e,1
95e06e711,2
f288b4919,1
2c8e65887,2
3947180ba,3
edd61c330,2
3cc6c4102,2
db194aec8,2
f399cf0d2,2
d0a66003d,2
8b65f9305,2
0e49eebb3,2
5f19552c0,1
5944cef68,2
a2e82a58a,2
b6450abed,2
ee9e87618,3
721017d68,2
5366eff00,2
22a0baf52,2
27eedd440,2
10ae2697f,2
923da13c4,2
8c0273869,1
ff6ff53c4,3
1528d2a61,2
f7a37173d,2
7f33563b9,2
b0be76af8,2
81eb7857d,2
96a5fd573,2
f10390965,2
f104f8045,1
30e66b835,3
2625dcb50,3
cb0309848,2
d7d0b2194,3
bb170fd98,3
303696f08,2
b12fb6709,2
dfdbfce71,2
aba512b8f,2
753654b70,1
aa3ee9d0b,2
2256216b1,2
e01e4a748,2
5685ae208,2
b5c553616,2
5f64ee888,3
1d4940497,2
8f7a44198,1
2262be7e9,2
8a0cfdd56,2
8af1b11ce,2
1557f91e8,1
9a053dbe6,2
23bcfa015,2
40c0fdccb,2
b8aa48ca7,1
66832a1e1,2
e5d43f373,2
66bd449fc,2
5377c3a3c,2
117059fe3,2
2c21d7f68,2
fe0e76ddf,2
944a5fec2,3
b73079713,1
76b366645,2
da56f7030,2
64070899d,2
594e3dc3f,3
4f5f178e6,2
8f32c880e,2
bb675d874,2
74b73209e,3
4b5532afb,3
699ee7fa6,2
eddc2e2ae,1
6bec28b35,2
df76ee4c1,2
201ea7802,2
b6661be84,3
8f1b39562,2
b410bfdfe,1
b95d067a2,2
8a2e1d05b,3
d94f98004,3
0ae84d311,2
84fdd34c7,2
d0f8b280d,2
cad1a9f54,2
8d91ae666,2
ed6812520,2
0f1a3ce5a,2
9eb042155,1
31b3d9b10,2
51398fac1,2
98ae607d8,2
05974bc36,2
d86f635fb,2
95183dc31,1
4a67bf90d,2
fd60c4aa4,1
d6259561f,2
ccb7df174,3
b9f58834b,2
d5124cdcc,1
605f9cd41,2
218cf1849,2
88487194e,2
ed97d1485,3
263f0704d,2
01dd8880a,2
b4cc525db,2
01d981c81,2
8c5bf2766,3
35d860fe5,2
d66a55b13,2
f2c84786f,1
1d5be4060,2
2d584af81,2
066521b34,2
326355730,2
1b1fdfd71,2
4ae292968,2
d994c86f0,3
5489e2b50,2
e4b550d46,2
29193bf76,2
6333963fe,2
55cdf4eda,3
770f24682,2
e01f077a7,3
64b1db30c,1
296bafb6e,1
456908d93,1
652ad7684,2
a6e1f4504,1
7dac377c6,3
678d21531,3
4bb09fefb,2
c5e4cfab0,1
dd8f63c0b,2
62da2d031,3
68ac3848d,1
93dc36260,1
be4c2e0d5,2
fab074a0d,2
3b901ae31,2
e92713811,2
d41f2a466,2
067f49481,2
bed5b657b,2
80c134db8,2
17ba1d7ce,2
bdf00be34,2
529025eb8,2
3712c63fd,3
1a53ed96d,2
42a8d4f4a,2
20fee2991,2
3c03a9912,1
d596aea32,3
cc607ef5c,3
4a609b82b,2
61da44459,2
23a1e62d8,2
2c07c1abf,1
7a72ba3d7,2
af7125abe,3
bea0802eb,3
8e3c58de2,2
39c654eaa,2
c91bfb2a1,2
b2876d101,3
42d2aa0bf,2
2aaa0c8b6,2
6326958d4,2
82137b39f,3
40de6ecb5,2
57d8f9bdb,2
7aef49fb2,2
52db8f887,2
6ab4a944b,2
9c296a253,3
1e6c42df6,2
b8088575c,3
acb0b26ff,2
f08ee9831,1
79a9a7b05,2
2d2f6b042,2
8ff8aefca,1
f7b533990,2
d734c881a,2
648897870,2
ec5670386,2
e08e93f16,2
84998166f,2
db7fc3cc9,2
3595648ea,2
c7b3c09d4,2
90b927fdd,2
1ba42eca2,2
ec83e77f0,2
e27adf529,3
56b5845d7,3
e72120027,2
68f3cfdcb,2
94b6d93ea,2
6f77b4edf,1
c68936b74,3
b672b7465,1
7f7e9db52,3
f4ed1a08e,3
6914ade58,2
391e0cefd,2
392cb224a,2
4b90d8806,2
c40052aba,2
cf8d949f9,2
d5d8c9fc1,2
0ed23a049,2
92fae4396,2
a37c82165,3
17ac391be,2
45217971b,1
6f43738b5,2
3060d192f,1
94d65e361,2
99ab7c701,3
5682330ad,1
2be9fa813,2
2ecaaae2d,2
2cf927db8,3
4d6350e54,1
1cfc647dc,2
f247a5242,3
0afb7e845,1
ae0076e01,2
655cfc630,3
86c35033b,2
8f26b1b5c,2
cf3491020,1
72e9e5442,1
0cf709a59,2
d67619580,2
0143edd0a,2
bce639e60,2
a7ba4d7e1,2
f0a2122d4,2
af3d7c201,2
409ccc60e,2
81c442177,3
a99e4b365,2
f28036d8a,2
970910885,2
a5f82d04e,2
4d67e7fcf,2
a6783a1c6,2
b6fbfa344,2
221cc9a2b,3
4c237475f,2
d3ec31e51,2
8e76c8e39,1
ba7adcbe5,2
918ae2c95,2
9a3224461,2
72e24597c,2
ab2bb4a0c,2
ed74a9822,3
7d73574ed,3
05a05d562,2
f39fef7c1,2
15721ae3c,1
f1164babb,3
488bfc285,1
4c4ba8c4e,2
76f668025,2
e27ac6865,2
ae64cc2e7,3
6264e2ffa,2
4b31d7b1e,1
1a0395c7f,3
3b2b69d20,2
4168bfd52,2
a2d87dd35,2
8cd1d06ab,3
031a01c36,2
a8c19a325,2
001b1507c,1
b968b85c1,2
4c3a2c536,2
8d6c8d486,1
ba16e7f4b,2
b25ad3ff0,2
319e533b6,3
bd6528981,2
cb867cac6,2
2e1d3ae52,2
de993a4c9,2
d336e6953,2
4f9031dce,3
cfa2afea2,2
9430d84c5,2
b56e6500a,2
ca659fd81,3
e3a680ce0,2
a64e4905d,1
b7809d0dd,2
35b728d0d,2
ae0c5671e,1
175f4a910,2
346c5abcd,3
14c70b2c2,2
8edfea832,1
ec0316213,2
1e62e6022,2
f152b2fd4,3
b119aa181,2
0dbb0a012,2
eba773cbe,2
bb928145e,2
2b5a3c81d,1
3711579ed,3
f20390dba,3
1b231e001,2
cfe285c5f,2
69ba6c8d8,2
2bf4445c7,1
35d9045fb,2
8facdc86a,2
821bd9373,2
351f3746c,1
71e5aca0a,2
fc710f1e8,2
4a9793dfb,2
fcb565f06,2
5b480d559,2
d25ad4b76,3
41e4cc1de,2
afd3ded05,2
66f430d36,3
97baac4eb,2
57184a406,2
ffaa73202,2
4236c9245,3
c680a5bbb,2
fa18941f4,2
8fa1c5c38,3
b898e8d6c,2
50e35cd70,2
f94d8a2ba,2
2e1d4e279,2
b88fa24c2,3
9c1ec9939,2
7ada9a854,2
da424cdd7,2
f584e226b,2
6a8d98847,3
a1c1dbf8a,2
4a2ecd24c,1
9bd0992bc,2
a9e6b1a1b,2
90489eccb,2
75a4a14ac,2
f70a1bf5d,1
ece99daf7,2
e4c9325d9,2
ae6a2116c,3
f461cc30a,2
8fee07184,1
01b167b92,2
55b9c70eb,2
1db76bd72,2
9e25c09b2,2
8755daaed,2
6e21edd32,2
df59dd59f,2
e4aadf23c,3
fe790ba60,2
63cc8aa47,2
c6d378000,1
6cfd5f1b5,3
3e101e353,2
f024e91b9,2
ff125cf8d,2
6ca8be82b,2
951d3ae42,2
3fbc4677d,2
eb900ff8a,2
bca099371,2
4068b452d,2
b5475edf9,2
9a8a8b6ea,2
d6cfa5d4b,2
87639ef4c,2
79f8b048f,1
992feb0f1,2
0322aa5b0,2
7117c4553,2
a342f6a85,2
9c8209bae,2
7983db8d9,3
6517af927,2
394217006,2
f0ac69be1,2
d111847a0,3
94dc20e92,3
7fb5c3b87,1
5ef0ffe23,2
7aefa7eeb,2
52c49d6b6,1
7ca5ee472,2
7125e101b,2
93692767b,2
3998bcfec,2
f20fa5c38,2
7e3680561,2
17be61e34,2
3ded98af9,2
84d7ac922,2
60f513e5a,2
be0888771,3
9be11ef9b,2
5dff15fc4,3
8a90cfe39,2
8709b75c2,1
915c4ba66,2
22ff7ca25,1
133a0db2c,2
79786edcd,2
7adb2ab9b,2
6276a846c,3
c1ed602f2,2
5a17d8cea,2
72f6dbb1d,2
f5cb16efb,2
d5b9e0322,1
df17a57ae,2
3697f94e1,2
0c46298f8,2
daad5c208,2
1a51506e1,1
5074cf806,2
a79fe858d,2
4bef58278,2
08710204e,2
75e343c91,3
a2edd6e44,1
4ad9ea6f0,3
813bfdc93,1
785150e60,2
2d7a45689,1
3183085f4,2
40dfeeb65,2
2083834e2,2
752b2d9c5,1
9b95ec85b,2
468cec390,2
c78cc1272,2
23bf0ed46,2
658e4415a,2
207c30391,3
47a5a9516,2
c32f8daca,2
36cc00cf3,2
89bc4559f,2
0caa3437b,2
869c8208d,2
10516f3c6,2
a8055a2ba,2
9a48cc316,2
d69a1f2a1,2
4d28b3255,2
fbc6507e7,2
69275e62d,2
e58a12b66,2
96eb3ec09,2
afa694eb4,2
0cd8ca49f,2
c240d153f,2
618e97eeb,2
dd5275a60,1
39d055888,2
5ed5663ae,2
56a0c2ccd,3
c93e37265,3
c9364a529,1
7ffefe87a,2
042dfb970,2
31353ed83,2
bea8484a3,2
58e24d608,2
189eaf5c4,2
d433a5827,1
0025a8313,2
6cf058ab3,2
1534419ad,2
21f4a6abf,2
efddad023,2
82a97cd8d,2
813a6335b,2
c1da8c2de,2
474294e01,2
c675f3b10,2
f43bf90ea,1
50ef65df7,3
5ca36463c,2
3c008b0b7,2
1b59f9f38,2
bc0b9984a,2
ef3fad107,1
0497c5ed8,2
7d3dd49c5,2
836b6e6f3,3
3c79a5547,2
774bd5a80,2
427343625,2
58e2cf3d9,2
a4221001f,2
8660ad37b,2
5a1010bca,2
1a4c20f98,1
bbdcd94a9,2
8dfb61116,2
388bb6170,2
db3c2be5c,3
af8cd40e0,2
37fb97f8b,2
0b817da84,3
bf90589d1,3
4448f7d57,3
7374edef0,2
df2d9957f,1
3b2a0338e,2
425804cd2,2
4a1274da0,1
fd38d0da0,3
b1c83d13b,1
c69bdf768,2
faa9b9b84,2
b3a6f353d,2
a0c1384d1,2
b1ae07ad5,3
41bc94422,2
0308c9eda,3
062e2772c,2
cf2e67122,2
cda31e59d,2
76aba4871,2
505ef85e6,1
9d876d83a,2
46539f4bf,2
8ef276c3b,2
41fa17c7c,2
73d7bb2ce,1
37cb01a87,2
52782bca8,1
ec7517f68,2
52602ec39,2
db4995bf8,2
2b1582f99,3
41e4574a6,1
3e0ae8fb1,2
a5767a3da,2
ff16e6dad,2
b247a426a,2
506bacb46,2
c98ae8e1e,2
c148399c0,2
530b7bcec,3
a03da4900,3
a9b7b72b4,2
66cff2ed9,2
10ba7efac,2
37fdaf339,2
329814145,2
6c14f7807,2
3b8b38508,2
6eedb995d,2
41e792442,2
7395053bc,3
26662f4f9,2
de1f49c9d,3
f653550ac,3
132670005,2
d3f157880,3
b97569bc9,2
35a730b12,2
256f40704,3
df3756483,2
7fe0a86f8,2
ab4407477,2
ac45f71e3,2
cf78e66fd,1
f6549ffdd,3
966598774,3
5fde0ce59,2
a40a8c0ce,2
38e7577af,1
09acd6b31,2
bbeecce76,2
b593502c5,2
31144a6be,2
7d6847fba,2
3bb86aa8f,1
be5f7a129,2
c2eec623c,3
617ee6976,3
14084c784,2
07bd5a7a9,2
765039f34,2
62d09ac7c,2
4eae8cc31,1
5d8622f3c,2
bcd6d7e62,2
f7bf646ee,2
522b73db7,2
7330b19a5,1
ad4a30fcb,2
2a64c0560,3
c63b71f0d,1
47a142b50,2
d86d7a70e,2
429017e9a,2
dd3856456,2
7b1211e80,3
4e991c023,2
8e3fba2c2,2
767be5091,2
aa3409a07,2
829ba7bfc,2
2e73c3dc3,2
67db5accd,2
e9e06e3f6,1
80092bbd9,2
206dbf18e,2
954a6e415,1
91736f444,2
3c3615b2d,2
edac63019,1
c99720dbb,2
c28b3a879,2
0977caea0,2
888c22eb5,2
92a173c59,1
ee36e2198,3
516646a4f,1
e3427692e,1
6b24d9186,2
caa16cc3c,2
4106b7290,2
8bac2d757,2
0154e0f7b,1
c3ed4c50b,2
1104fe6bb,2
eabef1496,3
acb9e48ff,2
9795ce5b0,3
75ca78a5a,2
cd1947175,3
cc22a5abf,2
9b7179c65,2
54c2d49bb,2
3a67f200f,2
a0124e47a,3
7595f467b,3
02e51a9e2,2
146cd69b3,2
5aefb7197,1
fc1457818,2
f08503742,2
2ca18c1e3,2
7964fc4ad,2
6fc2970d6,1
3508d0b46,2
c9a00b80f,1
5c5f306fa,2
fe09dbb56,2
ea6d8cb1d,2
6a34d34ab,2
474ee7e00,3
4866e37fe,2
410490c8d,2
34221a4f8,1
c0fe34d97,2
7ea357093,2
76de48e98,2
8c96f8ed3,2
0d5d436f4,2
48c9474d9,3
2cea63a41,2
8dbbd91bb,2
b446053b6,2
cecf7977d,2
4a3380641,2
0b3f851f0,2
e282d2bdf,2
faa62a75b,3
7ac66a1c2,1
50eddd1bb,3
7b67f6ed6,2
72418da1c,3
dd5f7e678,2
afab70239,3
15be0f894,2
c1653516e,2
9b5df2f3d,2
c0545b660,2
23463f8a8,2
685b2cbe4,2
09417404f,3
bd0bfa1f6,1
5346481de,2
8606e8738,2
e67f4856d,1
a63f6c6a1,3
44d722701,3
7d11f10b1,2
9102809eb,2
cc14a0fb9,2
037b1c131,2
2d0b49c8f,2
811b66c3e,1
feb06d776,1
13757a086,2
ae1db9841,1
c1c0405ef,2
0428af8ea,2
c7402d13c,2
3a39613fa,3
bdde3b5ca,2
bda06474b,2
7b6f894a1,1
73a3a3b24,2
740d87a41,2
261fc97ec,2
4225add43,2
94438a5c5,2
8bc07d296,2
2f50d46b2,1
988988d5b,2
455d243eb,2
21958b8f8,3
ce27e496b,2
3304185a1,2
afe326f34,2
15ee5f008,2
48f2b0d54,1
c2cad7ef6,3
90a967a14,2
9e1caf559,1
cd7bea671,2
797725280,2
a77d17ef8,3
0714145e6,2
f0a7a4dfb,3
b2056e185,3
27b2c806b,2
966aaf6e2,2
442ab63f2,2
6b10d4880,2
86c412966,3
9593c0350,1
7f6cdf26b,1
bfd38a572,2
46a5f0ba6,2
098b6e1e6,2
faf4fd269,2
b7856db41,3
925c3854a,2
27e8956dc,3
6c4d7b09f,1
c7f4e4fb5,2
ded648294,2
d7d1cf92c,2
47787f847,2
401553149,2
e039f2392,2
c1816081f,3
a18843d35,1
4b1f93aac,1
a2e22831f,3
196195aee,1
b53990a1d,2
d3e488484,2
be4acc363,2
46b9595d0,3
91328d9f8,2
1a8503d2f,1
e5f54d20e,2
0243911ea,2
8cba08869,2
10b669bea,2
db0b0bea6,2
4a762f7ab,2
93f620b68,3
64dbb2214,2
36332af6d,2
97a020fe8,2
e5317b212,2
e5a2e7156,2
75310196e,2
b5931099f,2
b5cb75a44,2
338bc4bcd,2
3bef65169,2
76aa06fb0,2
1b871dbaa,3
47d68f63c,3
e5bb33a17,2
2c3f23fce,3
b560efa40,2
5ad9215c4,2
8b9739cef,3
a4c99a552,2
2a726e0a2,2
f99a5e817,2
f0c26af32,3
ffd61a488,2
bba3070ad,2
530aac28c,2
9c0f6076a,2
a578345c4,2
16349e686,2
239047f66,2
1aa39ed52,2
3584bf68a,3
1f82b8bf0,1
4374d6f52,2
b126131d8,2
170fa3d49,2
d67c5c6cf,3
ced0659f2,3
0ab8ae91b,2
e32467940,1
6dbed5324,2
2418f7929,3
65dd20146,1
8b6f2ff52,2
792c38c44,2
f5d7daf1a,2
7a58cfb6e,2
80fcb8392,2
b879a154c,1
26f026215,2
b686d33cd,2
e3d9dc96d,3
f3c8fda0f,2
df874dd59,2
0fa25b7e5,2
918408d22,2
eb3b2ad1f,2
319ae7620,3
f8619af42,3
91e1bffc5,3
379da0b71,2
ef9154afe,2
03f8a64fe,2
c76e9857b,2
a0f3a1cb4,1
505c5d7c6,3
a0bdb767f,2
cd47ddc13,2
5c810c552,3
9d8dab6cd,2
7d7da3838,3
4d3526802,2
456c7a365,2
ac809f1ba,2
67dbd5ed9,1
25a834a2e,1
2f4aa5ad9,2
74e81519b,2
07a3f2bd1,2
fac19639c,1
a878a916e,2
d3ebee32b,2
746fb982c,2
f6c3b531d,1
92d1612f0,2
4544aecf7,2
07227963b,2
ecba83b43,2
058d37dda,3
67d786538,3
279a5187c,2
d02c3d99a,1
0935ab38b,2
04dc94c39,2
f81264ec6,2
df880995b,2
92e74870e,3
504134fd6,2
7b60f948e,2
2082ad764,1
8079e3a1c,2
0b4a33baa,3
e2b428f75,2
40f17b3a1,2
a322972da,1
0910c13a3,3
16ce3524b,2
847a8b31d,3
0d9cdfbde,3
5e4154870,2
73c2c22ca,2
3acfe9fcd,1
10b46b83f,2
25d4bd6e1,3
f9159b6df,2
f40b68c08,2
3f0dca87f,2
f49099d52,2
c120a6f75,2
cdcaefa4b,2
07b994326,2
f9a3f579a,2
32aa78316,2
11ad894e6,2
2c08a034c,1
ad19a6ee0,2
e27fa93d3,3
543130f60,3
fe5dc391c,2
e7ab271b1,2
244cca93e,2
215f9a760,2
5c496f946,2
c0bc43dd6,2
141b5d279,3
742cced96,2
8a3bb842e,2
24c1d5a33,2
72ae87d2b,1
fe2209833,1
004709939,2
c4f6cca8a,2
6d994c50c,2
0faf7f0ae,2
08e8e74c3,1
89bcd0921,2
d7dd2c184,2
58a7e1caf,1
7342eafeb,2
f642366b6,1
69834808b,2
70be9c861,2
5ab4a7a66,1
531f9b184,2
b47536db5,1
0fa39858f,2
49f3710f9,3
e42dea43d,2
8a9bdc274,2
16ff0c687,2
4f6c8d13e,2
68a603bc3,2
02612ab95,2
b65f00ae4,2
6480e3454,1
0e7ca23c9,2
0a4fc94e5,2
eb4c66e7a,3
100aed9a3,2
bc7ea0a3e,2
5f6931436,2
99ba1c605,2
5208915a3,2
b5010c15b,2
d9303d3bc,1
c213bcac3,3
12c071b30,2
c0a9578bb,1
40713e16a,2
ec5af82ff,1
226e8fe7c,2
1027c621c,2
bbf3097d0,1
bf0dd40e3,2
0cda0894a,2
081301773,1
f4060848e,2
6b6cb317b,2
f0a4b28f6,2
6c3222742,2
7a25c5a12,1
9c336beb7,2
8f1d6224d,2
1c2f669f2,2
f3629735d,2
9cc8bae3b,2
26716b324,1
b0d54f76e,2
54bbc1b84,1
311479c63,2
21b90ff68,3
87c19915b,2
7de2f688b,2
bec49d8b7,2
fc43fbfe4,2
664d0bed8,2
1c562d3a8,2
abe27623b,2
387701d9d,2
73ec4c916,2
ab09748d1,2
a7344d7f5,2
769ad37c5,2
94918fff6,2
81fddeac7,1
a98a5b0e8,2
081c0a12d,1
b1f5f19fa,1
ad4456e88,3
205dd56e1,3
df0a5e6c5,2
7827eee65,2
3f518238a,2
a2656874e,3
975d32d75,2
9397426ea,2
e80389ea3,2
c3270683d,2
a30ec0916,3
fc948a166,2
c4a3c0456,2
d805a1c90,1
093a35049,2
ed9daa1ae,2
f95b27325,2
8bbf5133b,1
5b57c4bba,2
01bcfcde8,3
2c1340a91,1
67ab87b4a,2
e29ff1448,2
f612d5506,3
7b36167be,2
33a6694b0,3
0510d2767,2
aad9a8bdb,2
6ce342cfe,2
bb90447e5,3
683f1dfd8,3
c1a3e3aa1,2
de2460808,2
3a5fb3c1f,2
a7fd7a703,2
6dcff2b5b,1
a6c7f3a13,3
952501bdb,3
902087c95,2
a4fe492c2,2
9fd804400,2
71655dcec,3
1aa8ed8dc,2
52d0469f8,2
6e31c7d5c,2
d73b2a4c6,2
86e1089a3,2
4872c28b4,3
b9405015b,2
e53cf2373,2
a6bc8d1a6,1
087fbda7e,2
9d5f190cf,2
98fbd3b39,2
c9595d1f6,1
f3386d639,2
71d3ecea7,3
290cdc8ee,1
c4b316827,2
f64f8a464,2
de0a86ccf,2
bc4f18ced,3
f64fd2354,3
700a93465,2
c31714ab2,2
c1985add1,2
591fa7c31,2
3ca4780f5,1
f867cc417,2
cdd815db9,3
8dd8a7b9e,2
eb9b9400e,2
406f92f52,2
b4d0c60b6,2
62e2e9071,2
3163e9acf,3
79f41f755,2
6a07fdc22,2
1347325db,2
c2bb6a3be,2
6261c9966,2
5dff24075,2
b525ee190,3
da2cdb505,3
3ca799ab8,2
120ae4dd3,2
e98e609ac,2
3560a3e97,2
3b2f6d5b2,3
a8d44452c,2
2c5b817a7,2
d4b028ea8,2
251b3b086,2
d7dd71467,3
a6239b2f3,2
f261c9968,2
408d4d8e0,2
6b6d2c65f,3
98ae7d88d,2
93df8b5c7,2
0ac71c2c1,2
0ac279a25,3
cb11e3261,2
18553e89b,2
4194f0f66,2
71e96f977,3
172d395a5,2
a6fe8b174,2
f02ef09d7,3
ea2ad17c5,2
bb74a9d58,3
07c284733,1
871ea8021,1
77035285f,2
ab083aa2a,2
8d676283f,2
3cf0fcd34,2
2b9fd4034,2
d898de7ff,2
b04b200fa,2
7e19f2890,2
97dd55a08,3
4d09e065d,3
ecad4a875,2
c4718084c,1
13469fc6a,2
d6f0972d4,2
f13821512,2
2619f003d,2
e3897d3cb,2
c702e00d2,2
b35c61109,2
d6bd8b0f6,2
ebff4722c,2
b3f1c8d27,2
a86ec27e9,2
c27c5a029,1
6e642352c,2
2e3bec724,2
e6335f2ee,2
2ba9dfe93,2
ed4604a70,2
6d95c8ec6,2
dad58d0a7,3
d02861aca,2
1bb6183eb,1
24e5e366c,1
2ba019cb8,1
01e4020da,3
799cbc9e1,2
9cb5c5f68,2
2630db5dc,2
8106b5f6f,3
0111f92ff,2
b2d7d59c9,3
102c931d8,2
5b9d80473,2
fcb911968,2
6dc2f0739,2
261a88440,1
111be067f,2
942b2ba7d,2
7a6dbcbbb,2
c611f493b,2
fd23f6a15,2
208beeb80,2
7575371db,3
2fa65607f,2
3f109dab7,2
f4df06287,1
0f80c9dc5,2
91306f563,2
52dae90aa,1
94a4357dd,2
da327c74b,2
14e788800,2
016dcf8d4,2
b8bc0c25c,2
abd7dcf2c,2
b09fa9385,2
a6fd3df67,2
6408ec0f7,2
0864eb66d,2
2f7da7f8f,3
fd139f4e4,3
f8d3b2e51,2
69a1bfaa9,2
9a2f44ddf,3
2416a2da1,3
dafb0cea4,1
fd059b5b6,2
a58d8080b,2
90fb6e125,2
5d8c4f66b,2
91e663cd2,2
b43e7b1fe,2
9403ac24d,2
75a286d8a,2
8390dbef8,2
2fc753430,2
2cb9d0599,3
5e10e3f87,3
c58ad77c4,3
050afc987,2
7daf7af9c,1
5b928c0a6,2
775da0afe,2
5fd83540b,2
d9f692e74,1
fd3172797,2
3060de782,1
24afd5f54,2
9fe4f4b78,2
9b2aaf395,2
c1548b685,2
784d3319e,2
8cccc67d4,2
597c27524,1
37f8a39c4,2
b1a6fb38c,3
b39ead375,3
4f7a70728,2
bf01af28f,2
61f0927c3,2
11757c072,2
77d4eba90,2
19cb228a0,2
4b4f32911,2
072ae6d9e,2
4c26cf05d,2
8a3c86cde,2
2e77e1c78,3
94135f81c,2
a81084ff0,2
86d20d7e4,1
eb8aeff64,2
f3326d571,2
392caeaed,2
49a832741,1
12c65f314,3
27cd530db,2
400bc90ee,2
f3b52a69c,2
2023404f9,3
0753ad1cd,1
144ad89a5,2
b8bf2c090,3
4e0d70679,2
90bcfd0e4,3
49303270e,1
0a0862717,1
b356b0f05,2
9676b5e36,2
09f6e29b8,2
c251767cf,2
43ddb2eb4,2
5382ef1e5,2
6344c2cde,3
a9092993a,2
1758efd47,3
ace3a3299,2
1a0499255,2
5b31b0fa4,2
0cba1503b,3
6f7b3566f,3
488cefe35,2
dff412d60,3
8526200d3,2
41a7d5bc2,2
f5e35ea02,3
e73146163,2
ea9d13261,2
8d08f7b70,2
f8530e295,2
856005eae,2
ff0b61121,3
c0b704c99,2
231fe619a,3
24379b58d,2
b30bcaab6,2
eb3101bcd,2
791560e54,1
015c75c9e,2
3a016a6a0,3
99ed50a86,2
b00e4262e,2
021b0b7bd,2
63697128e,3
b0aaffcc6,2
4813a0d67,2
520dc7925,2
6cb5381cb,2
6d6318af8,2
6e643eba1,2
f1f4773bf,1
d8c1859cb,2
8ab1bbd3f,2
10fa4505d,2
060d1de98,3
73680f695,1
1adb69797,2
a63a0ac25,2
6eff0639c,2
c390140c3,2
ba7b8cac2,1
5328a3ad8,3
406a1e534,2
9ac5a9faf,3
d4beefae9,3
8538f4aa1,2
d18218a56,2
b26aecb5a,1
40b31be60,2
e9cb42d59,2
915173d4d,2
4479fdc71,2
467614705,2
a963b8732,2
f845bd0c0,2
dfa39b9f1,2
c52908c2d,3
1dfadc371,2
790e639ed,3
cf6995fef,3
7390b70c5,3
0d653b602,1
4d8f211f8,2
0f6c2d090,2
75a803430,2
79531026f,2
3c30c4a49,3
1a0ee9580,3
440ab06be,2
cc3fe68d2,2
416d8761e,1
df26f1098,2
655eaa578,2
7edefab1a,2
5918330ac,1
dd201c041,2
9d03cf923,3
fb1adae2d,2
15937e540,1
cc25fb529,2
295a99691,3
f981112a8,2
ec322a0f2,2
44594e996,2
b940cf8b8,2
e65ac2a2e,1
b7d4318d8,1
6f0cb510a,2
8b9d9a18b,2
2d8db1c19,2
1f9b856e0,3
a68e8378d,2
3d7d23a52,2
94bcf0199,3
3be9dc4cd,3
0d34bfde7,2
3ae326dba,2
daf1a8d08,2
169fc07e1,2
cd9d97bc8,2
615e51eef,2
04d4ce3a4,3
88cc9be30,2
01ac09f2a,2
86547ad6d,3
4574e3de4,2
742dcad55,2
e9ec4d543,2
b6c59bc1e,2
b99d5d532,2
a5b1713d3,2
3b6f9b47b,2
44b6a5b46,2
acca0b2ed,3
d56fbda82,1
c74126469,2
33404ffe6,2
f829fad2b,2
0b01864e2,1
8a9465eee,2
7268e9e21,1
dd7ad37e7,1
c6da0beba,2
22e9d72ce,1
791c8a511,2
ded8d95c0,3
0a0e8c15b,2
c45a57747,3
c432261a7,2
fa2c37e6a,2
bad270818,2
209e4f717,3
4c9ea9908,1
6735cc397,2
9b09114c4,2
d6209194b,2
420bdee9f,2
8fc22fd2c,2
3e242ed8c,2
378406cf4,2
54e0ac09d,3
979710375,2
d83dd7fc2,2
22992ecd0,2
23941ded4,2
2e116036a,3
8e453a294,2
8de170932,3
d870d5767,2
db33da35e,2
27ab49f1a,1
ccbd1f9fc,3
8bd82188f,2
23d3ea5b8,3
378059791,2
1dc8f0fd4,2
e0e241d57,2
eec3cbd6e,3
11cc5a797,1
81896d22b,3
25e0e0edf,2
347be28a8,3
3e25d4fb8,3
c6d7271e8,3
f69bd4b27,2
fe250bce9,2
616e51d8c,2
b03b1a110,2
fe2cc3feb,2
472e86a83,2
6366b7f4a,2
119835ef9,2
5e5d1fc6d,2
c2f9689c2,2
71510cf8b,1
5112569f6,1
6be0a8fcd,3
31b919935,1
687ddcca9,2
05d3e4d55,1
aece30836,2
24d1c128d,2
24336f580,2
b96b7da59,2
760c7d8ac,2
1f983f20b,2
a2ee6f2da,2
1baea0d16,1
67e6db7dc,3
b1f31ab87,2
7810092ba,2
f888d5f54,2
911464bd8,2
38ea54f1f,2
7314ad440,3
115d6458f,3
3118bb24c,2
b7142b615,2
cedeef1a7,1
fa39dd076,2
05bde54cc,2
d2512e37a,2
9dbcae6f7,1
879ce67b8,2
a8ce7d647,2
cc7d90ef4,1
964cf32b1,2
bb2c896c5,2
1a849a445,2
73b5c37dd,3
172555cfd,2
5eee1e783,3
5b5e81279,2
c41283409,2
6c551fd9b,1
c3b05e0f0,2
9e2af0f7a,2
277e3979a,2
6ef02d7e9,2
da8859f46,3
dd3c902ae,3
cd091f4cf,1
d1ef3e54a,2
ca0bf0760,2
0cf645af3,2
abfcb22bc,2
4bdc7be69,2
3b0b88ac2,1
0be5af159,2
4e974f807,2
f43a68579,3
1945e2783,1
c78cea205,1
f253bd6aa,1
b60e920db,2
09e9110e2,3
4d4c7be64,2
bfab5f493,2
efc478e64,2
44f198a24,2
5a2c8a05f,3
5606b4630,3
bb61d1c46,2
6094997dd,3
b0a8a88a0,2
ee640a6ba,1
1fd056050,3
c3c27d97c,3
9f341e7af,1
ff5158511,3
1882fa24c,2
404eab70f,2
00709d75b,2
082c6dee3,2
9f12dbf17,2
fd2cc8576,2
21fcd15c6,2
200a0df49,2
4d580adec,2
90e582b0c,1
0e73648e8,2
acfbc9b71,1
168f1c6e9,2
ccd36a0f2,2
bfdc4cd9d,3
c2f8022f3,1
6cf098e3a,2
04a6267e4,2
b5a07b1cf,3
c0574c31a,3
08006836a,2
7ea900f4d,2
c1aa11cb5,1
878e36da4,2
8abb96298,2
d8a94961e,1
b3fa60bc7,2
454607f26,2
936e8cc95,2
a05289ebd,2
dac60bd9c,2
9e5ba0e42,2
d8f35138d,2
3bcc3be83,3
681be6214,2
048df7861,2
8cebbeec1,2
796774834,2
5d45dae82,1
daa543c46,1
4e09a22e0,2
308034707,2
0b24f7e7f,3
4fe9ef7ce,3
3ce643dc5,2
afe9d7dca,2
bf1762a3a,3
55f34f8f5,2
bb1afbaf2,3
b1cb5d0ec,1
ff8e4c708,2
7e8101664,2
c8daba029,2
6ea65996b,3
7aa0bcef5,2
d31cc5eb8,2
17b2d4cd6,2
8ef67ba31,2
bbcaecdd4,2
dd38f7a48,2
20819afd9,2
0eba8b0ad,3
eda8eecc6,3
040a9a6f9,2
0adca3f66,1
b51d75d61,2
80524f9cd,2
a5a4898db,2
718c4b524,2
6178884d1,2
16eefbec7,3
83b2fae5e,2
4cc55b081,2
3099254c2,3
6764e8752,2
76a063a20,1
2b1477c3c,2
4df3f4bc3,2
779bcf3fd,2
9ee370ef6,2
f0e24b0aa,3
69f986aaf,2
48f5de7e9,2
45600eaab,1
07cf7d230,2
b23e29c89,2
98caf2809,2
6e60043fe,2
92bf36222,2
4f623a979,2
c90558513,2
1a7ec71e7,2
0fe9d0022,2
aa07ee8b8,2
a85630773,2
c7c443855,3
38436063c,2
03f48e12b,2
a90da3a12,3
bea48a6a7,2
53037f091,3
9a0db11a9,2
991eba9f9,3
f04c098ed,2
6ad5aa95c,2
6c3b8c99c,2
1c107ce2b,2
6090e5de6,2
f53be74bd,2
02d9e61ca,2
bb7dfc592,2
2d79d25fa,2
0d55c2e2b,3
4ec3a7275,2
c4bc89962,2
3b178aa59,2
df6048227,3
78fd8ce0d,3
11d741736,2
d0fcfeb0f,2
4133efff0,2
b310f969f,2
0ecc1200a,2
e7067c4dc,2
c19fa21be,2
3cc43a157,2
6ebcc7756,2
983160271,2
1d30559d8,2
24abd7725,2
4a8caef08,3
b00d0fe1c,2
b93abca0b,2
8ab53c55c,2
10741c443,2
2f4eb5847,1
125edf869,2
2514503e7,2
f0193b572,2
64a0deeb0,2
4d7dd6115,2
